{
    "bones":[],
    "uvs":[],
    "colors":[],
    "vertices":[-1.02224,14.7658,1.47297,-1.02224,16.7658,1.47297,-1.02224,14.7658,-0.527028,-1.02224,16.7658,-0.527028,0.977757,14.7658,1.47297,0.977757,16.7658,1.47297,0.977757,14.7658,-0.527028,0.977757,16.7658,-0.527028],
    "materials":[],
    "normals":[-1,0,0,0,-0,-1,1,0,0,0,0,1,0,-1,0,0,1,0],
    "metadata":{
        "type":"Geometry",
        "version":3,
        "uvs":0,
        "colors":0,
        "vertices":8,
        "generator":"io_three",
        "materials":0,
        "bones":0,
        "normals":6,
        "faces":6
    },
    "faces":[35,0,1,3,2,0,0,0,0,0,35,2,3,7,6,0,1,1,1,1,35,6,7,5,4,0,2,2,2,2,35,1,0,4,5,0,3,3,3,3,35,4,0,2,6,0,4,4,4,4,35,7,3,1,5,0,5,5,5,5]
}